{
  "code": 1000,
  "errMsg":"",
  "info": {
    "resourceList": [{
      "describe": "韦氏词典",
      "downloaded": false,
      "id": "Ydwebster.7z",
      "md5": "FD5298E3A1D362E7A0176D6589D95F1D",
      "number": "89686",
      "size": "38.4M",
      "subtype": "usual",
      "updated": false,
      "url": "http://codown.youdao.com/cidian/OfflineDict/7.5.1.0/Ydwebster.7z",
      "vip": "true"
    }, {
      "describe": "英汉超大离线词库",
      "downloaded": false,
      "id": "YdBaseEC.7z",
      "md5": "408156CBAD13BBBB02FF4CDDD675C937",
      "number": "856436",
      "size": "19.7M",
      "subtype": "usual",
      "updated": false,
      "url": "http://codown.youdao.com/cidian/OfflineDict/7.5.1.0/YdBaseEC.7z",
      "vip": "true"
    }, {
      "describe": "汉英超大离线词库",
      "downloaded": false,
      "id": "YdBaseCE.7z",
      "md5": "596621B866DEADDEFACC9C60BF2E4FBA",
      "number": "1096816",
      "size": "23.2M",
      "subtype": "usual",
      "updated": false,
      "url": "http://codown.youdao.com/cidian/OfflineDict/7.5.1.0/YdBaseCE.7z",
      "vip": "true"
    }, {
      "describe": "美式离线语音库",
      "downloaded": false,
      "id": "voiceUS.7z",
      "md5": "09E0965585B941BE4DCFE2224D3712AD",
      "number": "19463",
      "size": "40.3M",
      "subtype": "usual",
      "updated": false,
      "url": "http://codown.youdao.com/cidian/OfflineDict/7.5.1.0/voiceUS.7z",
      "vip": "false"
    }, {
      "describe": "英式离线语音库",
      "downloaded": true,
      "id": "voiceUK.7z",
      "md5": "AC1FB34A0CD129F48E9E1F1970021FF6",
      "number": "19241",
      "size": "35.9M",
      "subtype": "usual",
      "updated": false,
      "url": "http://codown.youdao.com/cidian/OfflineDict/7.5.1.0/voiceUK.7z",
      "vip": "false"
    }, {
      "describe": "21世纪大英汉词典",
      "downloaded": false,
      "id": "Ydec21.7z",
      "md5": "BA5022EA7A7D232376A15A7DFED7A8FE",
      "number": "379682",
      "size": "82.1M",
      "subtype": "usual",
      "updated": false,
      "url": "http://codown.youdao.com/cidian/OfflineDict/7.5.1.0/Ydec21.7z",
      "vip": "false"
    }, {
      "describe": "英英释义",
      "downloaded": true,
      "id": "Ydee.7z",
      "md5": "6A283022DC077A078A3C6A980E98B922",
      "number": "81419",
      "size": "45.9M",
      "subtype": "usual",
      "updated": false,
      "url": "http://codown.youdao.com/cidian/OfflineDict/7.5.1.0/Ydee.7z",
      "vip": "false"
    }, {
      "describe": "词组短语",
      "downloaded": true,
      "id": "Ydphrs.7z",
      "md5": "09A05426361469B3815D2DBDC7E84D6C",
      "number": "25516",
      "size": "5.9M",
      "subtype": "usual",
      "updated": false,
      "url": "http://codown.youdao.com/cidian/OfflineDict/7.5.1.0/Ydphrs.7z",
      "vip": "false"
    }, {
      "describe": "同近义词",
      "downloaded": true,
      "id": "Ydsyno.7z",
      "md5": "DBED16EBBB9038016E8CEFB6BA9035AE",
      "number": "117952",
      "size": "7.6M",
      "subtype": "usual",
      "updated": false,
      "url": "http://codown.youdao.com/cidian/OfflineDict/7.5.1.0/Ydsyno.7z",
      "vip": "false"
    }, {
      "describe": "新汉英大词典",
      "downloaded": true,
      "id": "Ydcenew.7z",
      "md5": "2F891B95E088CD569B28A8F706BA5139",
      "number": "365981",
      "size": "34.3M",
      "subtype": "usual",
      "updated": false,
      "url": "http://codown.youdao.com/cidian/OfflineDict/7.5.1.0/Ydcenew.7z",
      "vip": "false"
    }, {
      "describe": "现代汉语大词典",
      "downloaded": true,
      "id": "Ydhh.7z",
      "md5": "C2A6EE6C882CF31B65B2E4B7799D0488",
      "number": "110199",
      "size": "27.3M",
      "subtype": "usual",
      "updated": false,
      "url": "http://codown.youdao.com/cidian/OfflineDict/7.5.1.0/Ydhh.7z",
      "vip": "false"
    }, {
      "describe": "材料科学",
      "downloaded": false,
      "id": "YdmaterialSci.7z",
      "md5": "9DB03E362BDB71660F61148C24E35712",
      "number": "22844",
      "size": "0.5M",
      "subtype": "specialty",
      "updated": false,
      "url": "http://codown.youdao.com/cidian/OfflineDict/7.5.1.0/YdmaterialSci.7z",
      "vip": "true"
    }, {
      "describe": "测绘科学技术",
      "downloaded": false,
      "id": "Ydsurmap.7z",
      "md5": "33DEC2B98AB046969F8C9A9E83F83F50",
      "number": "14024",
      "size": "0.5M",
      "subtype": "specialty",
      "updated": false,
      "url": "http://codown.youdao.com/cidian/OfflineDict/7.5.1.0/Ydsurmap.7z",
      "vip": "true"
    }, {
      "describe": "地球科学",
      "downloaded": false,
      "id": "YdearthSci.7z",
      "md5": "D2C73DBF467AB64C4F0C9F706BA10B95",
      "number": "120882",
      "size": "3.5M",
      "subtype": "specialty",
      "updated": false,
      "url": "http://codown.youdao.com/cidian/OfflineDict/7.5.1.0/YdearthSci.7z",
      "vip": "true"
    }, {
      "describe": "电子、通信与自动控制技术",
      "downloaded": false,
      "id": "YdeleComm.7z",
      "md5": "38E04B383234A802A004C6DD63580709",
      "number": "134903",
      "size": "6.4M",
      "subtype": "specialty",
      "updated": false,
      "url": "http://codown.youdao.com/cidian/OfflineDict/7.5.1.0/YdeleComm.7z",
      "vip": "true"
    }, {
      "describe": "动力与电气工程",
      "downloaded": false,
      "id": "Ydpowele.7z",
      "md5": "CFF7FA52DE8E92B753B1BA2351AF3612",
      "number": "53781",
      "size": "1.1M",
      "subtype": "specialty",
      "updated": false,
      "url": "http://codown.youdao.com/cidian/OfflineDict/7.5.1.0/Ydpowele.7z",
      "vip": "true"
    }, {
      "describe": "法学",
      "downloaded": false,
      "id": "Ydlaw.7z",
      "md5": "6B0226C930A99FCFF8D6BC43839F4253",
      "number": "34929",
      "size": "3.1M",
      "subtype": "specialty",
      "updated": false,
      "url": "http://codown.youdao.com/cidian/OfflineDict/7.5.1.0/Ydlaw.7z",
      "vip": "true"
    }, {
      "describe": "纺织科学技术",
      "downloaded": false,
      "id": "YdtextileSci.7z",
      "md5": "2A8C972B4F61E21AEE3414416E2D7AF9",
      "number": "11677",
      "size": "0.2M",
      "subtype": "specialty",
      "updated": false,
      "url": "http://codown.youdao.com/cidian/OfflineDict/7.5.1.0/YdtextileSci.7z",
      "vip": "true"
    }, {
      "describe": "管理学",
      "downloaded": false,
      "id": "Ydmanage.7z",
      "md5": "A16466BFC5B0B279F42BC6A19619DD04",
      "number": "18587",
      "size": "0.7M",
      "subtype": "specialty",
      "updated": false,
      "url": "http://codown.youdao.com/cidian/OfflineDict/7.5.1.0/Ydmanage.7z",
      "vip": "true"
    }, {
      "describe": "航空、航天科学技术",
      "downloaded": false,
      "id": "YdaeroSci.7z",
      "md5": "F1C553C41E0C51AF993FD1460B98C49B",
      "number": "29012",
      "size": "1.0M",
      "subtype": "specialty",
      "updated": false,
      "url": "http://codown.youdao.com/cidian/OfflineDict/7.5.1.0/YdaeroSci.7z",
      "vip": "true"
    }, {
      "describe": "化学",
      "downloaded": false,
      "id": "Ydchemisty.7z",
      "md5": "BD82AB512811480254E63910EFBC1E3F",
      "number": "91368",
      "size": "4.4M",
      "subtype": "specialty",
      "updated": false,
      "url": "http://codown.youdao.com/cidian/OfflineDict/7.5.1.0/Ydchemisty.7z",
      "vip": "true"
    }, {
      "describe": "环境科学技术",
      "downloaded": false,
      "id": "YdenvironSci.7z",
      "md5": "449E04D77F4EFDD36D265797545A8CE9",
      "number": "22611",
      "size": "1.7M",
      "subtype": "specialty",
      "updated": false,
      "url": "http://codown.youdao.com/cidian/OfflineDict/7.5.1.0/YdenvironSci.7z",
      "vip": "true"
    }, {
      "describe": "计算机科学技术",
      "downloaded": false,
      "id": "YdcomputerSci.7z",
      "md5": "EA6CB6CEDCC1127FBA8BDBDA23DDEABE",
      "number": "19713",
      "size": "9.4M",
      "subtype": "specialty",
      "updated": false,
      "url": "http://codown.youdao.com/cidian/OfflineDict/7.5.1.0/YdcomputerSci.7z",
      "vip": "true"
    }, {
      "describe": "机械工程",
      "downloaded": false,
      "id": "Ydmachine.7z",
      "md5": "EDE92D2787673ACE4B8B80C5E6C92AA8",
      "number": "129227",
      "size": "5.4M",
      "subtype": "specialty",
      "updated": false,
      "url": "http://codown.youdao.com/cidian/OfflineDict/7.5.1.0/Ydmachine.7z",
      "vip": "true"
    }, {
      "describe": "交通运输工程",
      "downloaded": false,
      "id": "Ydtraffic.7z",
      "md5": "ED8CEF4AC788EED7207C49A1F12899D4",
      "number": "132753",
      "size": "4.3M",
      "subtype": "specialty",
      "updated": false,
      "url": "http://codown.youdao.com/cidian/OfflineDict/7.5.1.0/Ydtraffic.7z",
      "vip": "true"
    }, {
      "describe": "教育学",
      "downloaded": false,
      "id": "Ydeducation.7z",
      "md5": "67D2D2B2DBF0CB39B4868456188802DD",
      "number": "7696",
      "size": "0.2M",
      "subtype": "specialty",
      "updated": false,
      "url": "http://codown.youdao.com/cidian/OfflineDict/7.5.1.0/Ydeducation.7z",
      "vip": "true"
    }, {
      "describe": "经济学",
      "downloaded": false,
      "id": "Ydeconomic.7z",
      "md5": "C065B0D3451BA3D5050B2B695D7D7079",
      "number": "222482",
      "size": "9.1M",
      "subtype": "specialty",
      "updated": false,
      "url": "http://codown.youdao.com/cidian/OfflineDict/7.5.1.0/Ydeconomic.7z",
      "vip": "true"
    }, {
      "describe": "军事学",
      "downloaded": false,
      "id": "Ydmilitary.7z",
      "md5": "0B4D892FB8F263FF8FAB3750BA4EED9B",
      "number": "14222",
      "size": "0.4M",
      "subtype": "specialty",
      "updated": false,
      "url": "http://codown.youdao.com/cidian/OfflineDict/7.5.1.0/Ydmilitary.7z",
      "vip": "true"
    }, {
      "describe": "历史学",
      "downloaded": false,
      "id": "Ydhistory.7z",
      "md5": "FCE50B23D102B30FEB9DDD326B279DF4",
      "number": "6800",
      "size": "0.7M",
      "subtype": "specialty",
      "updated": false,
      "url": "http://codown.youdao.com/cidian/OfflineDict/7.5.1.0/Ydhistory.7z",
      "vip": "true"
    }, {
      "describe": "能源科学技术",
      "downloaded": false,
      "id": "YdenergySci.7z",
      "md5": "CF3606098C62E7A2D8A87ACFA446928F",
      "number": "131627",
      "size": "5.0M",
      "subtype": "specialty",
      "updated": false,
      "url": "http://codown.youdao.com/cidian/OfflineDict/7.5.1.0/YdenergySci.7z",
      "vip": "true"
    }, {
      "describe": "农业科学",
      "downloaded": false,
      "id": "YdfarmSci.7z",
      "md5": "97DB9B3B5DE2816FA31F67DB42D6301F",
      "number": "51612",
      "size": "3.9M",
      "subtype": "specialty",
      "updated": false,
      "url": "http://codown.youdao.com/cidian/OfflineDict/7.5.1.0/YdfarmSci.7z",
      "vip": "true"
    }, {
      "describe": "商业",
      "downloaded": false,
      "id": "Ydcommerce.7z",
      "md5": "B1CEC180E6F5E73ABBD23A04712614B1",
      "number": "8479",
      "size": "0.2M",
      "subtype": "specialty",
      "updated": false,
      "url": "http://codown.youdao.com/cidian/OfflineDict/7.5.1.0/Ydcommerce.7z",
      "vip": "true"
    }, {
      "describe": "摄影",
      "downloaded": false,
      "id": "Ydshoot.7z",
      "md5": "5F55928A6B3439624BF31415FEF63C96",
      "number": "3914",
      "size": "0.1M",
      "subtype": "specialty",
      "updated": false,
      "url": "http://codown.youdao.com/cidian/OfflineDict/7.5.1.0/Ydshoot.7z",
      "vip": "true"
    }, {
      "describe": "生物学",
      "downloaded": false,
      "id": "Ydbiol.7z",
      "md5": "8B62697FC76490872F56D1933F9C52CE",
      "number": "161248",
      "size": "4.8M",
      "subtype": "specialty",
      "updated": false,
      "url": "http://codown.youdao.com/cidian/OfflineDict/7.5.1.0/Ydbiol.7z",
      "vip": "true"
    }, {
      "describe": "食品科学技术",
      "downloaded": false,
      "id": "YdfoodSci.7z",
      "md5": "5BE8137EA1FA0F32346DF9EA14A8FA15",
      "number": "14557",
      "size": "0.4M",
      "subtype": "specialty",
      "updated": false,
      "url": "http://codown.youdao.com/cidian/OfflineDict/7.5.1.0/YdfoodSci.7z",
      "vip": "true"
    }, {
      "describe": "数学",
      "downloaded": false,
      "id": "Ydmath.7z",
      "md5": "ABB2C467E7AFBE1242722234A75C0E00",
      "number": "67628",
      "size": "2.0M",
      "subtype": "specialty",
      "updated": false,
      "url": "http://codown.youdao.com/cidian/OfflineDict/7.5.1.0/Ydmath.7z",
      "vip": "true"
    }, {
      "describe": "水利工程",
      "downloaded": false,
      "id": "Ydwaterpro.7z",
      "md5": "82DBFE57C79B91ECCDA74D55F840AE8A",
      "number": "7862",
      "size": "0.5M",
      "subtype": "specialty",
      "updated": false,
      "url": "http://codown.youdao.com/cidian/OfflineDict/7.5.1.0/Ydwaterpro.7z",
      "vip": "true"
    }, {
      "describe": "体育",
      "downloaded": false,
      "id": "Ydphysical.7z",
      "md5": "C63509AE79A289F1830BA756B15A43BF",
      "number": "15389",
      "size": "0.7M",
      "subtype": "specialty",
      "updated": false,
      "url": "http://codown.youdao.com/cidian/OfflineDict/7.5.1.0/Ydphysical.7z",
      "vip": "true"
    }, {
      "describe": "天文学",
      "downloaded": false,
      "id": "Ydastronomy.7z",
      "md5": "86095AF3366CDFDD9F21FEEC48C44F51",
      "number": "14405",
      "size": "0.4M",
      "subtype": "specialty",
      "updated": false,
      "url": "http://codown.youdao.com/cidian/OfflineDict/7.5.1.0/Ydastronomy.7z",
      "vip": "true"
    }, {
      "describe": "土木建筑工程",
      "downloaded": false,
      "id": "Ydcivilengine.7z",
      "md5": "FBF24669EA08747A16DE77EEDE9DEB9A",
      "number": "60097",
      "size": "2.9M",
      "subtype": "specialty",
      "updated": false,
      "url": "http://codown.youdao.com/cidian/OfflineDict/7.5.1.0/Ydcivilengine.7z",
      "vip": "true"
    }, {
      "describe": "文学",
      "downloaded": false,
      "id": "Ydliterature.7z",
      "md5": "0E9F82070858459BA2D52FF9B2EC9FA3",
      "number": "12517",
      "size": "1.7M",
      "subtype": "specialty",
      "updated": false,
      "url": "http://codown.youdao.com/cidian/OfflineDict/7.5.1.0/Ydliterature.7z",
      "vip": "true"
    }, {
      "describe": "物理学",
      "downloaded": false,
      "id": "Ydphysics.7z",
      "md5": "9EE4A1A9C66E3FC4D92B0CEE3B451148",
      "number": "77761",
      "size": "2.4M",
      "subtype": "specialty",
      "updated": false,
      "url": "http://codown.youdao.com/cidian/OfflineDict/7.5.1.0/Ydphysics.7z",
      "vip": "true"
    }, {
      "describe": "心理学",
      "downloaded": false,
      "id": "Ydpsychic.7z",
      "md5": "308365E7A34AACA8A12B2E66E332594A",
      "number": "19578",
      "size": "0.7M",
      "subtype": "specialty",
      "updated": false,
      "url": "http://codown.youdao.com/cidian/OfflineDict/7.5.1.0/Ydpsychic.7z",
      "vip": "true"
    }, {
      "describe": "新闻学与传播学",
      "downloaded": false,
      "id": "Ydjourcomm.7z",
      "md5": "A1824B3DC7AE354C9E29EC9C80BCD7B8",
      "number": "9874",
      "size": "0.2M",
      "subtype": "specialty",
      "updated": false,
      "url": "http://codown.youdao.com/cidian/OfflineDict/7.5.1.0/Ydjourcomm.7z",
      "vip": "true"
    }, {
      "describe": "冶金工程技术",
      "downloaded": false,
      "id": "Ydmetall.7z",
      "md5": "008FD7E86B254C1D48AD546F09F3BB6E",
      "number": "7936",
      "size": "0.1M",
      "subtype": "specialty",
      "updated": false,
      "url": "http://codown.youdao.com/cidian/OfflineDict/7.5.1.0/Ydmetall.7z",
      "vip": "true"
    }, {
      "describe": "医药科学",
      "downloaded": false,
      "id": "YdmedicalSci.7z",
      "md5": "BE9EE147D86F0EE117D313F52FF3B797",
      "number": "151429",
      "size": "8.9M",
      "subtype": "specialty",
      "updated": false,
      "url": "http://codown.youdao.com/cidian/OfflineDict/7.5.1.0/YdmedicalSci.7z",
      "vip": "true"
    }, {
      "describe": "艺术学",
      "downloaded": false,
      "id": "Ydart.7z",
      "md5": "0B256543C2D222378550B40DB842BEC8",
      "number": "14130",
      "size": "1.2M",
      "subtype": "specialty",
      "updated": false,
      "url": "http://codown.youdao.com/cidian/OfflineDict/7.5.1.0/Ydart.7z",
      "vip": "true"
    }, {
      "describe": "印刷、复印技术",
      "downloaded": false,
      "id": "Ydprint.7z",
      "md5": "E7632FAAEAAFA5A7D30396D7D69179EC",
      "number": "4403",
      "size": "0.1M",
      "subtype": "specialty",
      "updated": false,
      "url": "http://codown.youdao.com/cidian/OfflineDict/7.5.1.0/Ydprint.7z",
      "vip": "true"
    }, {
      "describe": "语言学",
      "downloaded": false,
      "id": "Ydphilology.7z",
      "md5": "6C8B62230525B9AA3312A07CD8786F1C",
      "number": "14463",
      "size": "1.1M",
      "subtype": "specialty",
      "updated": false,
      "url": "http://codown.youdao.com/cidian/OfflineDict/7.5.1.0/Ydphilology.7z",
      "vip": "true"
    }, {
      "describe": "哲学",
      "downloaded": false,
      "id": "Ydphilosophy.7z",
      "md5": "024F0EE5CF43A0BC5E6B0A62EA49A825",
      "number": "3493",
      "size": "0.4M",
      "subtype": "specialty",
      "updated": false,
      "url": "http://codown.youdao.com/cidian/OfflineDict/7.5.1.0/Ydphilosophy.7z",
      "vip": "true"
    }, {
      "describe": "政治学",
      "downloaded": false,
      "id": "Ydpolitics.7z",
      "md5": "239F7C398FBC3DBF9D5922E82D41346D",
      "number": "3034",
      "size": "0.1M",
      "subtype": "specialty",
      "updated": false,
      "url": "http://codown.youdao.com/cidian/OfflineDict/7.5.1.0/Ydpolitics.7z",
      "vip": "true"
    }, {
      "describe": "自然科学",
      "downloaded": false,
      "id": "YdnaturalSci.7z",
      "md5": "1E0E873136B925BB681BF9E9461F6A47",
      "number": "3034",
      "size": "0.1M",
      "subtype": "specialty",
      "updated": false,
      "url": "http://codown.youdao.com/cidian/OfflineDict/7.5.1.0/YdnaturalSci.7z",
      "vip": "true"
    }, {
      "describe": "宗教学",
      "downloaded": false,
      "id": "Ydreligious.7z",
      "md5": "675D31BEF79CA6AD174D32CBDE03EE71",
      "number": "2993",
      "size": "0.2M",
      "subtype": "specialty",
      "updated": false,
      "url": "http://codown.youdao.com/cidian/OfflineDict/7.5.1.0/Ydreligious.7z",
      "vip": "true"
    }],
    "type": "Dictionary"
  },
  "success": true
}
