{
   "code": 1000,
   "errMsg" : "",
   "info": {
    "resourceList": [{
      "describe": "汉英互译",
      "downloaded": false,
      "id": "ce_nmt.zip",
      "md5": "D518D9EFA763DDBE70716CDF685FB20F",
      "size": "86.4M",
      "updated": false,
      "url": "http://codown.youdao.com/cidian/update_res/nmt_model/8.1.0.0/ce_nmt.zip",
      "vip": "false"
    }, {
      "describe": "汉法互译",
      "downloaded": false,
      "id": "cf_nmt.zip",
      "md5": "5B07D7CFFA5E174AC07C876EDEE32BC1",
      "size": "42.3M",
      "updated": false,
      "url": "http://codown.youdao.com/cidian/update_res/nmt_model/8.1.0.0/cf_nmt.zip",
      "vip": "true"
    }, {
      "describe": "汉日互译",
      "downloaded": false,
      "id": "cj_nmt.zip",
      "md5": "5BC6D6FBB566E43237EA7355336A874C",
      "size": "44.5M",
      "updated": false,
      "url": "http://codown.youdao.com/cidian/update_res/nmt_model/8.1.0.0/cj_nmt.zip",
      "vip": "false"
    }, {
      "describe": "汉韩互译",
      "downloaded": false,
      "id": "ck_nmt.zip",
      "md5": "6E1022070AC8E56C0642188100BB58D2",
      "size": "39.9M",
      "updated": false,
      "url": "http://codown.youdao.com/cidian/update_res/nmt_model/8.1.0.0/ck_nmt.zip",
      "vip": "false"
    }, {
      "describe": "汉葡互译",
      "downloaded": false,
      "id": "cp_nmt.zip",
      "md5": "AF08068D814526ACA41D33CEB4B68163",
      "size": "41M",
      "updated": false,
      "url": "http://codown.youdao.com/cidian/update_res/nmt_model/8.1.0.0/cp_nmt.zip",
      "vip": "false"
    }, {
      "describe": "汉西互译",
      "downloaded": false,
      "id": "cs_nmt.zip",
      "md5": "7E54C4CEAA078817F08DABC4FCAF22AA",
      "size": "42.4M",
      "updated": false,
      "url": "http://codown.youdao.com/cidian/update_res/nmt_model/8.1.0.0/cs_nmt.zip",
      "vip": "false"
    }],
    "type": "nmt_model"
  }
}
