{
  "data" : "{\"cost\":\"1.00\",\"endIdx\":17,\"remain\":0,\"startIdx\":0,\"count\":3271,\"styles\":{\"type-defaults\":{\"1\":{\"pPr\":{\"jc\":{\"val\":\"both\"}},\"rPr\":{\"sz\":{\"val\":21}}},\"7\":{\"tblPr\":{\"jc\":{\"val\":\"left\"},\"mar\":{\"top\":{\"w\":\"0\",\"type\":\"dxa\"},\"left\":{\"w\":\"108\",\"type\":\"dxa\"},\"bottom\":{\"w\":\"0\",\"type\":\"dxa\"},\"right\":{\"w\":\"108\",\"type\":\"dxa\"}}}}},\"other-styles\":{\"2\":{\"next\":\"1\",\"pPr\":{\"spacing\":{\"beforeAutospacing\":true,\"line\":240,\"afterAutospacing\":true},\"jc\":{\"val\":\"left\"}},\"rPr\":{\"b\":{\"val\":true},\"rFonts\":{\"hAnsi\":\"宋体\",\"eastAsia\":\"宋体\",\"ascii\":\"宋体\"},\"sz\":{\"val\":48}},\"basedOn\":{\"val\":\"1\"}},\"4\":{\"rPr\":{\"b\":{\"val\":true}},\"basedOn\":{\"val\":\"3\"}},\"5\":{\"rPr\":{\"color\":{\"val\":\"800080\"},\"u\":{\"val\":\"single\"}},\"basedOn\":{\"val\":\"3\"}},\"6\":{\"rPr\":{\"color\":{\"val\":\"0000FF\"},\"u\":{\"val\":\"single\"}},\"basedOn\":{\"val\":\"3\"}},\"8\":{\"pPr\":{\"spacing\":{\"beforeAutospacing\":true,\"line\":240,\"afterAutospacing\":true},\"jc\":{\"val\":\"left\"}},\"rPr\":{\"rFonts\":{\"hAnsi\":\"宋体\",\"eastAsia\":\"宋体\",\"ascii\":\"宋体\"},\"sz\":{\"val\":24}},\"basedOn\":{\"val\":\"1\"}},\"9\":{\"rPr\":{\"b\":{\"val\":true},\"rFonts\":{\"hAnsi\":\"宋体\",\"eastAsia\":\"宋体\",\"ascii\":\"宋体\"},\"sz\":{\"val\":48}},\"basedOn\":{\"val\":\"3\"}}}},\"body\":[{\"pPr\":{\"spacing\":{\"line\":240,\"after\":210},\"rPr\":{\"color\":{\"val\":\"000000\"},\"rFonts\":{\"hAnsi\":\"Helvetica\",\"eastAsia\":\"宋体\",\"ascii\":\"Helvetica\"},\"sz\":{\"val\":60}},\"jc\":{\"val\":\"center\"}},\"pcount\":38,\"pidx\":0,\"type\":\"para\",\"trans\":[{\"r\":[{\"t\":\"Dear North Korea, it's President Trump\",\"rPr\":{\"b\":{\"val\":true},\"color\":{\"val\":\"000000\"},\"rFonts\":{\"hAnsi\":\"Helvetica\",\"eastAsia\":\"宋体\",\"ascii\":\"Helvetica\"},\"sz\":{\"val\":60}},\"ridx\":0}],\"org\":\"Dear North Korea, it's President Trump\",\"stidx\":0,\"sridx\":0,\"style\":{\"b\":{\"val\":true},\"color\":{\"val\":\"000000\"},\"rFonts\":{\"hAnsi\":\"Helvetica\",\"eastAsia\":\"宋体\",\"ascii\":\"Helvetica\"},\"sz\":{\"val\":60}},\"tran\":\"亲爱的朝鲜，这是特朗普总统\"}]},{\"pPr\":{\"spacing\":{\"line\":240,\"after\":240},\"rPr\":{\"color\":{\"val\":\"000000\"},\"rFonts\":{\"hAnsi\":\"Georgia\",\"eastAsia\":\"宋体\",\"ascii\":\"Georgia\"},\"sz\":{\"val\":27}},\"jc\":{\"val\":\"left\"}},\"pcount\":36,\"pidx\":2,\"type\":\"para\",\"trans\":[{\"r\":[{\"t\":\"FROM THE WHITE HOUSE\",\"rPr\":{\"b\":{\"val\":true},\"color\":{\"val\":\"000000\"},\"rFonts\":{\"hAnsi\":\"Georgia\",\"eastAsia\":\"宋体\",\"ascii\":\"Georgia\"},\"sz\":{\"val\":27}},\"ridx\":0}],\"org\":\"FROM THE WHITE HOUSE\",\"stidx\":0,\"sridx\":0,\"style\":{\"b\":{\"val\":true},\"color\":{\"val\":\"000000\"},\"rFonts\":{\"hAnsi\":\"Georgia\",\"eastAsia\":\"宋体\",\"ascii\":\"Georgia\"},\"sz\":{\"val\":27}},\"tran\":\"从白宫\"},{\"r\":[{\"t\":\"<br>\",\"rPr\":{\"color\":{\"val\":\"000000\"},\"rFonts\":{\"hAnsi\":\"Georgia\",\"eastAsia\":\"宋体\",\"ascii\":\"Georgia\"},\"sz\":{\"val\":27}},\"ridx\":1}],\"org\":\"<br>\",\"style\":{\"color\":{\"val\":\"000000\"},\"rFonts\":{\"hAnsi\":\"Georgia\",\"eastAsia\":\"宋体\",\"ascii\":\"Georgia\"},\"sz\":{\"val\":27}},\"type\":\"BREAK\",\"tran\":\"<br>\"},{\"r\":[{\"t\":\"Washington, D.C.\",\"rPr\":{\"b\":{\"val\":true},\"color\":{\"val\":\"000000\"},\"rFonts\":{\"hAnsi\":\"Georgia\",\"eastAsia\":\"宋体\",\"ascii\":\"Georgia\"},\"sz\":{\"val\":27}},\"ridx\":2}],\"org\":\"Washington, D.C.\",\"stidx\":0,\"sridx\":2,\"style\":{\"b\":{\"val\":true},\"color\":{\"val\":\"000000\"},\"rFonts\":{\"hAnsi\":\"Georgia\",\"eastAsia\":\"宋体\",\"ascii\":\"Georgia\"},\"sz\":{\"val\":27}},\"tran\":\"华盛顿特区。\"}]},{\"pPr\":{\"spacing\":{\"line\":240,\"after\":240},\"rPr\":{\"color\":{\"val\":\"000000\"},\"rFonts\":{\"hAnsi\":\"Georgia\",\"eastAsia\":\"宋体\",\"ascii\":\"Georgia\"},\"sz\":{\"val\":27}},\"jc\":{\"val\":\"left\"}},\"pcount\":28,\"pidx\":3,\"type\":\"para\",\"trans\":[{\"r\":[{\"t\":\"To the Honorable Kim Jong Un\",\"rPr\":{\"b\":{\"val\":true},\"color\":{\"val\":\"000000\"},\"rFonts\":{\"hAnsi\":\"Georgia\",\"eastAsia\":\"宋体\",\"ascii\":\"Georgia\"},\"sz\":{\"val\":27}},\"ridx\":0}],\"org\":\"To the Honorable Kim Jong Un\",\"stidx\":0,\"sridx\":0,\"style\":{\"b\":{\"val\":true},\"color\":{\"val\":\"000000\"},\"rFonts\":{\"hAnsi\":\"Georgia\",\"eastAsia\":\"宋体\",\"ascii\":\"Georgia\"},\"sz\":{\"val\":27}},\"tran\":\"尊敬的金正恩\"}]},{\"pPr\":{\"spacing\":{\"line\":240,\"after\":240},\"rPr\":{\"color\":{\"val\":\"000000\"},\"rFonts\":{\"hAnsi\":\"Georgia\",\"eastAsia\":\"宋体\",\"ascii\":\"Georgia\"},\"sz\":{\"val\":27}},\"jc\":{\"val\":\"left\"}},\"pcount\":17,\"pidx\":4,\"type\":\"para\",\"trans\":[{\"r\":[{\"t\":\"Dear Dear Leader:\",\"rPr\":{\"color\":{\"val\":\"000000\"},\"rFonts\":{\"hAnsi\":\"Georgia\",\"eastAsia\":\"宋体\",\"ascii\":\"Georgia\"},\"sz\":{\"val\":27}},\"ridx\":0}],\"org\":\"Dear Dear Leader:\",\"stidx\":0,\"sridx\":0,\"style\":{\"color\":{\"val\":\"000000\"},\"rFonts\":{\"hAnsi\":\"Georgia\",\"eastAsia\":\"宋体\",\"ascii\":\"Georgia\"},\"sz\":{\"val\":27}},\"tran\":\"亲爱的亲爱的领袖:\"}]},{\"pPr\":{\"spacing\":{\"line\":240,\"after\":240},\"rPr\":{\"color\":{\"val\":\"000000\"},\"rFonts\":{\"hAnsi\":\"Georgia\",\"eastAsia\":\"宋体\",\"hint\":\"宋体\",\"ascii\":\"Georgia\"},\"sz\":{\"val\":27}},\"jc\":{\"val\":\"left\"}},\"pcount\":4,\"pidx\":5,\"type\":\"para\",\"trans\":[{\"r\":[{\"t\":\"百度网站\",\"rPr\":{\"color\":{\"val\":\"000000\"},\"rFonts\":{\"hAnsi\":\"Georgia\",\"eastAsia\":\"宋体\",\"hint\":\"宋体\",\"ascii\":\"Georgia\"},\"sz\":{\"val\":27},\"rStyle\":\"5\"},\"ridx\":3}],\"org\":\"百度网站\",\"stidx\":0,\"sridx\":3,\"style\":{\"color\":{\"val\":\"000000\"},\"rFonts\":{\"hAnsi\":\"Georgia\",\"eastAsia\":\"宋体\",\"hint\":\"宋体\",\"ascii\":\"Georgia\"},\"sz\":{\"val\":27},\"rStyle\":\"5\"},\"tran\":\"百度网站\"}]},{\"pPr\":{\"spacing\":{\"line\":240,\"after\":240},\"rPr\":{\"color\":{\"val\":\"000000\"},\"rFonts\":{\"hAnsi\":\"Georgia\",\"eastAsia\":\"宋体\",\"ascii\":\"Georgia\"},\"sz\":{\"val\":27}},\"jc\":{\"val\":\"left\"}},\"pcount\":268,\"pidx\":6,\"type\":\"para\",\"trans\":[{\"r\":[{\"t\":\"I hope you’ll treat this letter as personal and confidential, from one large-handed leader to another. \",\"rPr\":{\"color\":{\"val\":\"000000\"},\"rFonts\":{\"hAnsi\":\"Georgia\",\"eastAsia\":\"宋体\",\"ascii\":\"Georgia\"},\"sz\":{\"val\":27}},\"ridx\":1}],\"org\":\"I hope you’ll treat this letter as personal and confidential, from one large-handed leader to another. \",\"stidx\":0,\"sridx\":1,\"style\":{\"color\":{\"val\":\"000000\"},\"rFonts\":{\"hAnsi\":\"Georgia\",\"eastAsia\":\"宋体\",\"ascii\":\"Georgia\"},\"sz\":{\"val\":27}},\"tran\":\"我希望你把这封信视为个人和机密，从一个大手领导到另一个。\"},{\"r\":[{\"t\":\"I got the idea to write it from my generals, who were telling me all about this big showdown over Cuban missiles back in the 1960s, which apparently really happened.\",\"rPr\":{\"color\":{\"val\":\"000000\"},\"rFonts\":{\"hAnsi\":\"Georgia\",\"eastAsia\":\"宋体\",\"ascii\":\"Georgia\"},\"sz\":{\"val\":27}},\"ridx\":1}],\"org\":\"I got the idea to write it from my generals, who were telling me all about this big showdown over Cuban missiles back in the 1960s, which apparently really happened.\",\"stidx\":0,\"sridx\":1,\"style\":{\"color\":{\"val\":\"000000\"},\"rFonts\":{\"hAnsi\":\"Georgia\",\"eastAsia\":\"宋体\",\"ascii\":\"Georgia\"},\"sz\":{\"val\":27}},\"tran\":\"我从我的将军们那里得到了这个想法，他们告诉我在上世纪60年代对古巴导弹的大摊牌，这显然是真的发生了。\"}]},{\"pPr\":{\"spacing\":{\"line\":240,\"after\":240},\"rPr\":{\"color\":{\"val\":\"000000\"},\"rFonts\":{\"hAnsi\":\"Georgia\",\"eastAsia\":\"宋体\",\"ascii\":\"Georgia\"},\"sz\":{\"val\":27}},\"jc\":{\"val\":\"left\"}},\"pcount\":161,\"pidx\":7,\"type\":\"para\",\"trans\":[{\"r\":[{\"t\":\"I figured, hey, if John Kennedy can negotiate over missiles directly with a dictator — and he was a very low-quality person, let me tell you — then so can Trump.\",\"rPr\":{\"color\":{\"val\":\"000000\"},\"rFonts\":{\"hAnsi\":\"Georgia\",\"eastAsia\":\"宋体\",\"ascii\":\"Georgia\"},\"sz\":{\"val\":27}},\"ridx\":0}],\"org\":\"I figured, hey, if John Kennedy can negotiate over missiles directly with a dictator — and he was a very low-quality person, let me tell you — then so can Trump.\",\"stidx\":0,\"sridx\":0,\"style\":{\"color\":{\"val\":\"000000\"},\"rFonts\":{\"hAnsi\":\"Georgia\",\"eastAsia\":\"宋体\",\"ascii\":\"Georgia\"},\"sz\":{\"val\":27}},\"tran\":\"我想，嘿，如果约翰·肯尼迪可以和一个独裁者直接谈判，他是一个很低素质的人，让我告诉你——那么特朗普也可以。\"}]},{\"pPr\":{\"spacing\":{\"line\":240,\"after\":240},\"rPr\":{\"color\":{\"val\":\"000000\"},\"rFonts\":{\"hAnsi\":\"Georgia\",\"eastAsia\":\"宋体\",\"ascii\":\"Georgia\"},\"sz\":{\"val\":27}},\"jc\":{\"val\":\"left\"}},\"pcount\":113,\"pidx\":8,\"type\":\"para\",\"trans\":[{\"r\":[{\"t\":\"You can’t leave diplomacy to a loser \",\"rPr\":{\"color\":{\"val\":\"000000\"},\"rFonts\":{\"hAnsi\":\"Georgia\",\"eastAsia\":\"宋体\",\"ascii\":\"Georgia\"},\"sz\":{\"val\":27}},\"ridx\":0},{\"t\":\"like Tillerson\",\"rPr\":{\"color\":{\"val\":\"2D90FF\"},\"rFonts\":{\"hAnsi\":\"Georgia\",\"eastAsia\":\"宋体\",\"ascii\":\"Georgia\"},\"sz\":{\"val\":27},\"rStyle\":\"5\"},\"ridx\":4},{\"t\":\", believe me. \",\"rPr\":{\"color\":{\"val\":\"000000\"},\"rFonts\":{\"hAnsi\":\"Georgia\",\"eastAsia\":\"宋体\",\"ascii\":\"Georgia\"},\"sz\":{\"val\":27}},\"ridx\":6}],\"org\":\"You can’t leave diplomacy to a loser like Tillerson, believe me. \",\"stidx\":0,\"sridx\":0,\"style\":{\"color\":{\"val\":\"000000\"},\"rFonts\":{\"hAnsi\":\"Georgia\",\"eastAsia\":\"宋体\",\"ascii\":\"Georgia\"},\"sz\":{\"val\":27}},\"tran\":\"你不能像蒂勒森那样把外交留给一个失败者，相信我。\"},{\"r\":[{\"t\":\"But I’m trying not to think about him right now.\",\"rPr\":{\"color\":{\"val\":\"000000\"},\"rFonts\":{\"hAnsi\":\"Georgia\",\"eastAsia\":\"宋体\",\"ascii\":\"Georgia\"},\"sz\":{\"val\":27}},\"ridx\":6}],\"org\":\"But I’m trying not to think about him right now.\",\"stidx\":0,\"sridx\":6,\"style\":{\"color\":{\"val\":\"000000\"},\"rFonts\":{\"hAnsi\":\"Georgia\",\"eastAsia\":\"宋体\",\"ascii\":\"Georgia\"},\"sz\":{\"val\":27}},\"tran\":\"但我现在正试着不去想他。\"}]},{\"pPr\":{\"spacing\":{\"line\":240,\"after\":240},\"rPr\":{\"color\":{\"val\":\"000000\"},\"rFonts\":{\"hAnsi\":\"Georgia\",\"eastAsia\":\"宋体\",\"ascii\":\"Georgia\"},\"sz\":{\"val\":27}},\"jc\":{\"val\":\"left\"}},\"pcount\":435,\"pidx\":9,\"type\":\"para\",\"trans\":[{\"r\":[{\"t\":\"It’s very important that you and I talk, very important. \",\"rPr\":{\"color\":{\"val\":\"000000\"},\"rFonts\":{\"hAnsi\":\"Georgia\",\"eastAsia\":\"宋体\",\"ascii\":\"Georgia\"},\"sz\":{\"val\":27}},\"ridx\":0}],\"org\":\"It’s very important that you and I talk, very important. \",\"stidx\":0,\"sridx\":0,\"style\":{\"color\":{\"val\":\"000000\"},\"rFonts\":{\"hAnsi\":\"Georgia\",\"eastAsia\":\"宋体\",\"ascii\":\"Georgia\"},\"sz\":{\"val\":27}},\"tran\":\"重要的是你和我交谈，非常重要。\"},{\"r\":[{\"t\":\"Because like I said during one of those debates we had during the campaign, which were a total waste of time, although people said I won them all and frankly that I was the greatest debater ever, and that’s a direct quote from somebody somewhere, but anyway, what I said \",\"rPr\":{\"color\":{\"val\":\"000000\"},\"rFonts\":{\"hAnsi\":\"Georgia\",\"eastAsia\":\"宋体\",\"ascii\":\"Georgia\"},\"sz\":{\"val\":27}},\"ridx\":0},{\"t\":\"during a debate\",\"rPr\":{\"color\":{\"val\":\"2D90FF\"},\"rFonts\":{\"hAnsi\":\"Georgia\",\"eastAsia\":\"宋体\",\"ascii\":\"Georgia\"},\"sz\":{\"val\":27}},\"ridx\":4},{\"t\":\" was, “I think, for me, nuclear is just the power, the devastation is ve\",\"rPr\":{\"color\":{\"val\":\"000000\"},\"rFonts\":{\"hAnsi\":\"Georgia\",\"eastAsia\":\"宋体\",\"ascii\":\"Georgia\"},\"sz\":{\"val\":27}},\"ridx\":6},{\"t\":\"ry important to me.”\",\"rPr\":{\"color\":{\"val\":\"000000\"},\"rFonts\":{\"hAnsi\":\"Georgia\",\"eastAsia\":\"宋体\",\"ascii\":\"Georgia\"},\"sz\":{\"val\":27}},\"ridx\":7}],\"org\":\"Because like I said during one of those debates we had during the campaign, which were a total waste of time, although people said I won them all and frankly that I was the greatest debater ever, and that’s a direct quote from somebody somewhere, but anyway, what I said during a debate was, “I think, for me, nuclear is just the power, the devastation is very important to me.”\",\"stidx\":0,\"sridx\":0,\"style\":{\"color\":{\"val\":\"000000\"},\"rFonts\":{\"hAnsi\":\"Georgia\",\"eastAsia\":\"宋体\",\"ascii\":\"Georgia\"},\"sz\":{\"val\":27}},\"tran\":\"因为就像我说的辩论期间,我们曾在竞选期间,这是浪费时间,虽然人们说我赢得了他们所有人,坦率地说,我是史上最伟大的辩手,直接引用某人的某个地方,但无论如何,我在一次辩论中说,“对我来说,我认为核能是权力,破坏对我来说非常重要。”\"}]},{\"pPr\":{\"spacing\":{\"line\":240,\"after\":240},\"rPr\":{\"color\":{\"val\":\"000000\"},\"rFonts\":{\"hAnsi\":\"Georgia\",\"eastAsia\":\"宋体\",\"ascii\":\"Georgia\"},\"sz\":{\"val\":27}},\"jc\":{\"val\":\"left\"}},\"pcount\":37,\"pidx\":10,\"type\":\"para\",\"trans\":[{\"r\":[{\"t\":\"I can’t say it any clearer than that.\",\"rPr\":{\"color\":{\"val\":\"000000\"},\"rFonts\":{\"hAnsi\":\"Georgia\",\"eastAsia\":\"宋体\",\"ascii\":\"Georgia\"},\"sz\":{\"val\":27}},\"ridx\":0}],\"org\":\"I can’t say it any clearer than that.\",\"stidx\":0,\"sridx\":0,\"style\":{\"color\":{\"val\":\"000000\"},\"rFonts\":{\"hAnsi\":\"Georgia\",\"eastAsia\":\"宋体\",\"ascii\":\"Georgia\"},\"sz\":{\"val\":27}},\"tran\":\"我不能说得再清楚不过了。\"}]},{\"pPr\":{\"spacing\":{\"line\":240,\"after\":240},\"rPr\":{\"color\":{\"val\":\"000000\"},\"rFonts\":{\"hAnsi\":\"Georgia\",\"eastAsia\":\"宋体\",\"ascii\":\"Georgia\"},\"sz\":{\"val\":27}},\"jc\":{\"val\":\"left\"}},\"pcount\":225,\"pidx\":11,\"type\":\"para\",\"trans\":[{\"r\":[{\"t\":\"First off, let me just point out that our great peoples have a long history together, and all of Korea is frankly very special to us — very, very special. \",\"rPr\":{\"color\":{\"val\":\"000000\"},\"rFonts\":{\"hAnsi\":\"Georgia\",\"eastAsia\":\"宋体\",\"ascii\":\"Georgia\"},\"sz\":{\"val\":27}},\"ridx\":0}],\"org\":\"First off, let me just point out that our great peoples have a long history together, and all of Korea is frankly very special to us — very, very special. \",\"stidx\":0,\"sridx\":0,\"style\":{\"color\":{\"val\":\"000000\"},\"rFonts\":{\"hAnsi\":\"Georgia\",\"eastAsia\":\"宋体\",\"ascii\":\"Georgia\"},\"sz\":{\"val\":27}},\"tran\":\"首先，让我指出，我们伟大的人民有着悠久的历史，而所有的朝鲜对我们来说都是非常特别的。\"},{\"r\":[{\"t\":\"I mean, you gave us the TV show “M*A*S*H,” which had a tremendous run.\",\"rPr\":{\"color\":{\"val\":\"000000\"},\"rFonts\":{\"hAnsi\":\"Georgia\",\"eastAsia\":\"宋体\",\"ascii\":\"Georgia\"},\"sz\":{\"val\":27}},\"ridx\":0}],\"org\":\"I mean, you gave us the TV show “M*A*S*H,” which had a tremendous run.\",\"stidx\":0,\"sridx\":0,\"style\":{\"color\":{\"val\":\"000000\"},\"rFonts\":{\"hAnsi\":\"Georgia\",\"eastAsia\":\"宋体\",\"ascii\":\"Georgia\"},\"sz\":{\"val\":27}},\"tran\":\"我的意思是，你给了我们一个电视节目“M *A*S* H”，这是一个巨大的成功。\"}]},{\"pPr\":{\"rPr\":{\"rFonts\":{\"hAnsi\":\"宋体\",\"eastAsia\":\"宋体\",\"ascii\":\"宋体\"},\"sz\":{\"val\":24}},\"jc\":{\"val\":\"left\"}},\"pcount\":0,\"pidx\":12,\"type\":\"para\",\"trans\":[{\"r\":[{\"rPr\":{\"rFonts\":{\"hAnsi\":\"宋体\",\"eastAsia\":\"宋体\",\"ascii\":\"宋体\"},\"sz\":{\"val\":24}},\"pic\":[{\"blipFill\":{\"srcRect\":{\"top\":0,\"left\":0,\"bottom\":0,\"right\":0},\"picId\":\"rId4\"},\"spPr\":{\"xfrm\":{\"ext\":{\"cx\":144,\"cy\":36},\"rot\":0,\"flipV\":false,\"flipH\":false}},\"type\":\"pic\",\"suffix\":{\"val\":\"image/gif\"},\"url\":{\"val\":\"http://tranpic.nos.netease.com/2DFAA056667B418093A65AD72A2963DB\"}}],\"ridx\":0}],\"style\":{\"rFonts\":{\"hAnsi\":\"宋体\",\"eastAsia\":\"宋体\",\"ascii\":\"宋体\"},\"sz\":{\"val\":24}},\"type\":\"pic\"}]},{\"pPr\":{\"spacing\":{\"line\":240,\"after\":240},\"rPr\":{\"color\":{\"val\":\"000000\"},\"rFonts\":{\"hAnsi\":\"Georgia\",\"eastAsia\":\"宋体\",\"ascii\":\"Georgia\"},\"sz\":{\"val\":27}},\"jc\":{\"val\":\"left\"}},\"pcount\":298,\"pidx\":13,\"type\":\"para\",\"trans\":[{\"r\":[{\"t\":\"Also, without the Korean people, we wouldn’t have all those unbelievable grocery stores in Manhattan. \",\"rPr\":{\"color\":{\"val\":\"000000\"},\"rFonts\":{\"hAnsi\":\"Georgia\",\"eastAsia\":\"宋体\",\"ascii\":\"Georgia\"},\"sz\":{\"val\":27}},\"ridx\":0}],\"org\":\"Also, without the Korean people, we wouldn’t have all those unbelievable grocery stores in Manhattan. \",\"stidx\":0,\"sridx\":0,\"style\":{\"color\":{\"val\":\"000000\"},\"rFonts\":{\"hAnsi\":\"Georgia\",\"eastAsia\":\"宋体\",\"ascii\":\"Georgia\"},\"sz\":{\"val\":27}},\"tran\":\"而且，如果没有韩国人，我们就不会有曼哈顿那些令人难以置信的杂货店。\"},{\"r\":[{\"t\":\"Seriously, I have so much love for the people, so much love. \",\"rPr\":{\"color\":{\"val\":\"000000\"},\"rFonts\":{\"hAnsi\":\"Georgia\",\"eastAsia\":\"宋体\",\"ascii\":\"Georgia\"},\"sz\":{\"val\":27}},\"ridx\":0}],\"org\":\"Seriously, I have so much love for the people, so much love. \",\"stidx\":0,\"sridx\":0,\"style\":{\"color\":{\"val\":\"000000\"},\"rFonts\":{\"hAnsi\":\"Georgia\",\"eastAsia\":\"宋体\",\"ascii\":\"Georgia\"},\"sz\":{\"val\":27}},\"tran\":\"说真的，我对人民有那么多的爱，那么多的爱。\"},{\"r\":[{\"t\":\"I told my guys at ICE, leave the Koreans alone, because a lot of actual Americans depend on them for kimchi. \",\"rPr\":{\"color\":{\"val\":\"000000\"},\"rFonts\":{\"hAnsi\":\"Georgia\",\"eastAsia\":\"宋体\",\"ascii\":\"Georgia\"},\"sz\":{\"val\":27}},\"ridx\":0}],\"org\":\"I told my guys at ICE, leave the Koreans alone, because a lot of actual Americans depend on them for kimchi. \",\"stidx\":0,\"sridx\":0,\"style\":{\"color\":{\"val\":\"000000\"},\"rFonts\":{\"hAnsi\":\"Georgia\",\"eastAsia\":\"宋体\",\"ascii\":\"Georgia\"},\"sz\":{\"val\":27}},\"tran\":\"我告诉我的朋友们，不要让韩国人呆在那里，因为很多美国人都依赖他们做泡菜。\"},{\"r\":[{\"t\":\"Great respect, believe me.\",\"rPr\":{\"color\":{\"val\":\"000000\"},\"rFonts\":{\"hAnsi\":\"Georgia\",\"eastAsia\":\"宋体\",\"ascii\":\"Georgia\"},\"sz\":{\"val\":27}},\"ridx\":0}],\"org\":\"Great respect, believe me.\",\"stidx\":0,\"sridx\":0,\"style\":{\"color\":{\"val\":\"000000\"},\"rFonts\":{\"hAnsi\":\"Georgia\",\"eastAsia\":\"宋体\",\"ascii\":\"Georgia\"},\"sz\":{\"val\":27}},\"tran\":\"伟大的尊重,相信我。\"}]},{\"pPr\":{\"spacing\":{\"line\":240,\"after\":240},\"rPr\":{\"color\":{\"val\":\"000000\"},\"rFonts\":{\"hAnsi\":\"Georgia\",\"eastAsia\":\"宋体\",\"ascii\":\"Georgia\"},\"sz\":{\"val\":27}},\"jc\":{\"val\":\"left\"}},\"pcount\":415,\"pidx\":14,\"type\":\"para\",\"trans\":[{\"r\":[{\"t\":\"You and I have plenty in common, we really do. \",\"rPr\":{\"color\":{\"val\":\"000000\"},\"rFonts\":{\"hAnsi\":\"Georgia\",\"eastAsia\":\"宋体\",\"ascii\":\"Georgia\"},\"sz\":{\"val\":27}},\"ridx\":0}],\"org\":\"You and I have plenty in common, we really do. \",\"stidx\":0,\"sridx\":0,\"style\":{\"color\":{\"val\":\"000000\"},\"rFonts\":{\"hAnsi\":\"Georgia\",\"eastAsia\":\"宋体\",\"ascii\":\"Georgia\"},\"sz\":{\"val\":27}},\"tran\":\"你和我有很多共同点，我们真的有。\"},{\"r\":[{\"t\":\"I know they said that calling you “Little Rocket Man” was a terrible insult, but you can’t believe anything you read in the failing New York Times or lying CNN or the rest of the fake news media. \",\"rPr\":{\"color\":{\"val\":\"000000\"},\"rFonts\":{\"hAnsi\":\"Georgia\",\"eastAsia\":\"宋体\",\"ascii\":\"Georgia\"},\"sz\":{\"val\":27}},\"ridx\":0}],\"org\":\"I know they said that calling you “Little Rocket Man” was a terrible insult, but you can’t believe anything you read in the failing New York Times or lying CNN or the rest of the fake news media. \",\"stidx\":0,\"sridx\":0,\"style\":{\"color\":{\"val\":\"000000\"},\"rFonts\":{\"hAnsi\":\"Georgia\",\"eastAsia\":\"宋体\",\"ascii\":\"Georgia\"},\"sz\":{\"val\":27}},\"tran\":\"我知道他们说叫你“小火箭人”是一种可怕的侮辱，但是你不能相信你在《纽约时报》、CNN或其他假新闻媒体上读到的任何东西。\"},{\"r\":[{\"t\":\"These are the same people who said that I could never win the primaries, and that Hillary was going to be the president, and that Puerto Rico was part of the United States.\",\"rPr\":{\"color\":{\"val\":\"000000\"},\"rFonts\":{\"hAnsi\":\"Georgia\",\"eastAsia\":\"宋体\",\"ascii\":\"Georgia\"},\"sz\":{\"val\":27}},\"ridx\":0}],\"org\":\"These are the same people who said that I could never win the primaries, and that Hillary was going to be the president, and that Puerto Rico was part of the United States.\",\"stidx\":0,\"sridx\":0,\"style\":{\"color\":{\"val\":\"000000\"},\"rFonts\":{\"hAnsi\":\"Georgia\",\"eastAsia\":\"宋体\",\"ascii\":\"Georgia\"},\"sz\":{\"val\":27}},\"tran\":\"这些人说我永远不会赢得初选，希拉里将成为总统，波多黎各是美国的一部分。\"}]},{\"pPr\":{\"spacing\":{\"line\":240,\"after\":240},\"rPr\":{\"color\":{\"val\":\"000000\"},\"rFonts\":{\"hAnsi\":\"Georgia\",\"eastAsia\":\"宋体\",\"ascii\":\"Georgia\"},\"sz\":{\"val\":27}},\"jc\":{\"val\":\"left\"}},\"pcount\":347,\"pidx\":15,\"type\":\"para\",\"trans\":[{\"r\":[{\"t\":\"The truth is that “Rocket Man” is a very popular song here in America — very much loved, believe me. \",\"rPr\":{\"color\":{\"val\":\"000000\"},\"rFonts\":{\"hAnsi\":\"Georgia\",\"eastAsia\":\"宋体\",\"ascii\":\"Georgia\"},\"sz\":{\"val\":27}},\"ridx\":0}],\"org\":\"The truth is that “Rocket Man” is a very popular song here in America — very much loved, believe me. \",\"stidx\":0,\"sridx\":0,\"style\":{\"color\":{\"val\":\"000000\"},\"rFonts\":{\"hAnsi\":\"Georgia\",\"eastAsia\":\"宋体\",\"ascii\":\"Georgia\"},\"sz\":{\"val\":27}},\"tran\":\"事实上，《火箭人》是一首非常受欢迎的歌曲，在美国很受欢迎，相信我。\"},{\"r\":[{\"t\":\"It’s about a guy who goes into space and finds out that Mars isn’t a very good place to raise a kid, because it’s cold as hell, and there’s no one there to raise them if you did. \",\"rPr\":{\"color\":{\"val\":\"000000\"},\"rFonts\":{\"hAnsi\":\"Georgia\",\"eastAsia\":\"宋体\",\"ascii\":\"Georgia\"},\"sz\":{\"val\":27}},\"ridx\":0}],\"org\":\"It’s about a guy who goes into space and finds out that Mars isn’t a very good place to raise a kid, because it’s cold as hell, and there’s no one there to raise them if you did. \",\"stidx\":0,\"sridx\":0,\"style\":{\"color\":{\"val\":\"000000\"},\"rFonts\":{\"hAnsi\":\"Georgia\",\"eastAsia\":\"宋体\",\"ascii\":\"Georgia\"},\"sz\":{\"val\":27}},\"tran\":\"这是关于一个进入太空的人，他发现火星不是一个养育孩子的好地方，因为那里很冷，如果你这么做了，那里没有人可以养。\"},{\"r\":[{\"t\":\"Which frankly makes no sense, even in English, but it was the ’70s.\",\"rPr\":{\"color\":{\"val\":\"000000\"},\"rFonts\":{\"hAnsi\":\"Georgia\",\"eastAsia\":\"宋体\",\"ascii\":\"Georgia\"},\"sz\":{\"val\":27}},\"ridx\":0}],\"org\":\"Which frankly makes no sense, even in English, but it was the ’70s.\",\"stidx\":0,\"sridx\":0,\"style\":{\"color\":{\"val\":\"000000\"},\"rFonts\":{\"hAnsi\":\"Georgia\",\"eastAsia\":\"宋体\",\"ascii\":\"Georgia\"},\"sz\":{\"val\":27}},\"tran\":\"坦白说，这是毫无意义的，即使是英语，但那是70年代。\"}]},{\"pPr\":{\"spacing\":{\"line\":240,\"after\":240},\"rPr\":{\"color\":{\"val\":\"000000\"},\"rFonts\":{\"hAnsi\":\"Georgia\",\"eastAsia\":\"宋体\",\"ascii\":\"Georgia\"},\"sz\":{\"val\":27}},\"jc\":{\"val\":\"left\"}},\"pcount\":357,\"pidx\":16,\"type\":\"para\",\"trans\":[{\"r\":[{\"t\":\"The point is, we’re a lot alike. \",\"rPr\":{\"color\":{\"val\":\"000000\"},\"rFonts\":{\"hAnsi\":\"Georgia\",\"eastAsia\":\"宋体\",\"ascii\":\"Georgia\"},\"sz\":{\"val\":27}},\"ridx\":0}],\"org\":\"The point is, we’re a lot alike. \",\"stidx\":0,\"sridx\":0,\"style\":{\"color\":{\"val\":\"000000\"},\"rFonts\":{\"hAnsi\":\"Georgia\",\"eastAsia\":\"宋体\",\"ascii\":\"Georgia\"},\"sz\":{\"val\":27}},\"tran\":\"关键是，我们有很多相似之处。\"},{\"r\":[{\"t\":\"For one thing, we both value family, am I right? \",\"rPr\":{\"color\":{\"val\":\"000000\"},\"rFonts\":{\"hAnsi\":\"Georgia\",\"eastAsia\":\"宋体\",\"ascii\":\"Georgia\"},\"sz\":{\"val\":27}},\"ridx\":0}],\"org\":\"For one thing, we both value family, am I right? \",\"stidx\":0,\"sridx\":0,\"style\":{\"color\":{\"val\":\"000000\"},\"rFonts\":{\"hAnsi\":\"Georgia\",\"eastAsia\":\"宋体\",\"ascii\":\"Georgia\"},\"sz\":{\"val\":27}},\"tran\":\"首先，我们都重视家庭，对吗?\"},{\"r\":[{\"t\":\"I saw you \",\"rPr\":{\"color\":{\"val\":\"000000\"},\"rFonts\":{\"hAnsi\":\"Georgia\",\"eastAsia\":\"宋体\",\"ascii\":\"Georgia\"},\"sz\":{\"val\":27}},\"ridx\":0},{\"t\":\"just promoted\",\"rPr\":{\"color\":{\"val\":\"2D90FF\"},\"rFonts\":{\"hAnsi\":\"Georgia\",\"eastAsia\":\"宋体\",\"ascii\":\"Georgia\"},\"sz\":{\"val\":27}},\"ridx\":4},{\"t\":\" your sister to a powerful job in the Politburo — very touching, very beautiful. \",\"rPr\":{\"color\":{\"val\":\"000000\"},\"rFonts\":{\"hAnsi\":\"Georgia\",\"eastAsia\":\"宋体\",\"ascii\":\"Georgia\"},\"sz\":{\"val\":27}},\"ridx\":6}],\"org\":\"I saw you just promoted your sister to a powerful job in the Politburo — very touching, very beautiful. \",\"stidx\":0,\"sridx\":0,\"style\":{\"color\":{\"val\":\"000000\"},\"rFonts\":{\"hAnsi\":\"Georgia\",\"eastAsia\":\"宋体\",\"ascii\":\"Georgia\"},\"sz\":{\"val\":27}},\"tran\":\"我看到你刚刚提拔你的妹妹在政治局工作，非常感人，非常漂亮。\"},{\"r\":[{\"t\":\"I’m getting ready to turn the White House over to Ivanka in 2020, even though my poll numbers are just unbelievable, better than any president in history, let me tell you.\",\"rPr\":{\"color\":{\"val\":\"000000\"},\"rFonts\":{\"hAnsi\":\"Georgia\",\"eastAsia\":\"宋体\",\"ascii\":\"Georgia\"},\"sz\":{\"val\":27}},\"ridx\":6}],\"org\":\"I’m getting ready to turn the White House over to Ivanka in 2020, even though my poll numbers are just unbelievable, better than any president in history, let me tell you.\",\"stidx\":0,\"sridx\":6,\"style\":{\"color\":{\"val\":\"000000\"},\"rFonts\":{\"hAnsi\":\"Georgia\",\"eastAsia\":\"宋体\",\"ascii\":\"Georgia\"},\"sz\":{\"val\":27}},\"tran\":\"我准备在2020年把白宫移交给伊万卡，尽管我的民调数字令人难以置信，比历史上任何一位总统都好，让我告诉你。\"}]},{\"pPr\":{\"spacing\":{\"line\":240,\"after\":240},\"rPr\":{\"color\":{\"val\":\"000000\"},\"rFonts\":{\"hAnsi\":\"Georgia\",\"eastAsia\":\"宋体\",\"ascii\":\"Georgia\"},\"sz\":{\"val\":27}},\"jc\":{\"val\":\"left\"}},\"pcount\":196,\"pidx\":17,\"type\":\"para\",\"trans\":[{\"r\":[{\"t\":\"I’d point out that Ivanka is smarter than Pence, but frankly I think Donald Jr. is smarter than Pence, and I’m pretty sure he still eats crayons when he’s nervous, so that’s not saying very much\",\"rPr\":{\"color\":{\"val\":\"000000\"},\"rFonts\":{\"hAnsi\":\"Georgia\",\"eastAsia\":\"宋体\",\"ascii\":\"Georgia\"},\"sz\":{\"val\":27}},\"ridx\":0},{\"t\":\". \",\"rPr\":{\"b\":{\"val\":true},\"color\":{\"val\":\"000000\"},\"rFonts\":{\"hAnsi\":\"Georgia\",\"eastAsia\":\"宋体\",\"ascii\":\"Georgia\"},\"sz\":{\"val\":27}},\"ridx\":1}],\"org\":\"I’d point out that Ivanka is smarter than Pence, but frankly I think Donald Jr. is smarter than Pence, and I’m pretty sure he still eats crayons when he’s nervous, so that’s not saying very much. \",\"stidx\":0,\"sridx\":0,\"style\":{\"color\":{\"val\":\"000000\"},\"rFonts\":{\"hAnsi\":\"Georgia\",\"eastAsia\":\"宋体\",\"ascii\":\"Georgia\"},\"sz\":{\"val\":27}},\"tran\":\"我想指出的是，伊万卡比彭斯更聪明，但坦率地说，我认为小唐纳德比彭斯更聪明，我敢肯定他在紧张的时候还是会吃蜡笔，所以这并不是说得太多。\"}]},{\"pPr\":{\"spacing\":{\"line\":240,\"after\":240},\"rPr\":{\"color\":{\"val\":\"000000\"},\"rFonts\":{\"hAnsi\":\"Georgia\",\"eastAsia\":\"宋体\",\"ascii\":\"Georgia\"},\"sz\":{\"val\":27}},\"jc\":{\"val\":\"left\"}},\"pcount\":296,\"pidx\":18,\"type\":\"para\",\"trans\":[{\"r\":[{\"t\":\"And while we’re on the subject of family, let me say I admired the way you took out your brother, having strangers run up and poison him in the airport, which was genius. \",\"rPr\":{\"color\":{\"val\":\"000000\"},\"rFonts\":{\"hAnsi\":\"Georgia\",\"eastAsia\":\"宋体\",\"ascii\":\"Georgia\"},\"sz\":{\"val\":27}},\"ridx\":0}],\"org\":\"And while we’re on the subject of family, let me say I admired the way you took out your brother, having strangers run up and poison him in the airport, which was genius. \",\"stidx\":0,\"sridx\":0,\"style\":{\"color\":{\"val\":\"000000\"},\"rFonts\":{\"hAnsi\":\"Georgia\",\"eastAsia\":\"宋体\",\"ascii\":\"Georgia\"},\"sz\":{\"val\":27}},\"tran\":\"当我们谈到家庭问题时，让我说我钦佩你的方式，让陌生人在机场为他下毒，让他在机场下毒，这真是天才。\"},{\"r\":[{\"t\":\"I made a comment about it, and ever since then, every time I go to hug Jared, he jumps back and shields his face. \",\"rPr\":{\"color\":{\"val\":\"000000\"},\"rFonts\":{\"hAnsi\":\"Georgia\",\"eastAsia\":\"宋体\",\"ascii\":\"Georgia\"},\"sz\":{\"val\":27}},\"ridx\":0}],\"org\":\"I made a comment about it, and ever since then, every time I go to hug Jared, he jumps back and shields his face. \",\"stidx\":0,\"sridx\":0,\"style\":{\"color\":{\"val\":\"000000\"},\"rFonts\":{\"hAnsi\":\"Georgia\",\"eastAsia\":\"宋体\",\"ascii\":\"Georgia\"},\"sz\":{\"val\":27}},\"tran\":\"我对此做了评论，从那以后，每次我去拥抱杰瑞德的时候，他都会跳回来护着他的脸。\"},{\"r\":[{\"t\":\"Hysterical\",\"rPr\":{\"color\":{\"val\":\"000000\"},\"rFonts\":{\"hAnsi\":\"Georgia\",\"eastAsia\":\"宋体\",\"ascii\":\"Georgia\"},\"sz\":{\"val\":27}},\"ridx\":0},{\"t\":\".\",\"rPr\":{\"b\":{\"val\":true},\"color\":{\"val\":\"000000\"},\"rFonts\":{\"hAnsi\":\"Georgia\",\"eastAsia\":\"宋体\",\"ascii\":\"Georgia\"},\"sz\":{\"val\":27}},\"ridx\":1}],\"org\":\"Hysterical.\",\"stidx\":0,\"sridx\":0,\"style\":{\"color\":{\"val\":\"000000\"},\"rFonts\":{\"hAnsi\":\"Georgia\",\"eastAsia\":\"宋体\",\"ascii\":\"Georgia\"},\"sz\":{\"val\":27}},\"tran\":\"歇斯底里的。\"}]}],\"errorcode\":0}"
}  