{
	"error": "success",
	"error_code": 0,
	"error_description": "success",
	"data": {
		"rawEssay": "homesQ and neighborhoods were located outside of the central city; however, manys stores had several floors of apartments above them to accommodate families to live to\n\nPelosi's 32 pens, and other impeachment oddities\nWhite House 'broke law' by withholding Ukraine aid\nHow will a Senate trial proceed?\nThe lawmakers responded with \"I do\" before each signing in a book that they took the oath. Republican senate leader Mitch McConnell then adjourned the pre-trial proceedings and announced the trial would begin at 13:00 EST (18:00 GMT) on Tuesday.\n\nMr Trump is accused of abuse of power and obstruction of Congress. He has denied wrongdoing and branded the case against him as a \"hoax\".\n\nWhat happened on Thursday?\nThe Senate proceedings began with the sergeant at arms calling \"hear ye, hear ye\". The articles of impeachment were then read out on the floor of the chamber by Democratic congressman and lead prosecutor Adam Schiff.\n\nMr Schiff is one of seven impeachment managers who will make the case against the president. He said no president had ever sought to impede an impeachment investigation so thoroughly.\n\nWho is Adam Schiff, the lead prosecutor of Trump?\nChuck Schumer, the Democratic leader in the senate, again call",
		"callBackUrl": "",
		"AllFeatureAdvice": {
			"WordNum": "",
			"Spelling": "单词拼写基本正确，词汇基础扎实",
			"AdvanceVocab": [],
			"SentComplex": "",
			"Conjunction": [{
				"advice": ["along with", "no matter how", "ago"],
				"used": ["and", "however", "before"]
			}],
			"GoodExpression": [],
			"Grammar": "存在少量语法错误",
			"lexicalSubs": [],
			"Topic": "",
			"WordDiversity": "",
			"Structure": "",
			"AdvanceVocabLevel": []
		},
		"sentNum": 16,
		"refEssay": "",
		"AllFeatureScore": {
			"NeuralScore": 0.0,
			"SentComplex": 8.0,
			"Topic": 0.0,
			"Grammar": 7.875,
			"WordDiversity": 9.0,
			"AdvanceVocab": 10.0,
			"WordNum": 10.0,
			"lexicalSubs": 0.0,
			"Conjunction": 8.0,
			"Spelling": 10.0,
			"Structure": 8.6
		},
		"uniqueKey": "05af01cd-8d0d-44ae-967c-d072effc4451",
		"essayAdvice": "单词拼写基本正确，词汇基础扎实；存在少量语法错误；（如需更详细的反馈信息，请设置您的年级信息）",
		"extraParams": {
			"reqSource": "dict_pigai_web",
			"comcontext": "<YD_START_NEED_CHECK>homesQ and neighborhoods were located outside of the central city; however, manys stores had several floors of apartments above them to accommodate families to live to\n\nPelosi's 32 pens, and other impeachment oddities\nWhite House 'broke law' by withholding Ukraine aid\nHow will a Senate trial proceed?\nThe lawmakers responded with \"I do\" before each signing in a book that they took the oath. Republican senate leader Mitch McConnell then adjourned the pre-trial proceedings and announced the trial would begin at 13:00 EST (18:00 GMT) on Tuesday.\n\nMr Trump is accused of abuse of power and obstruction of Congress. He has denied wrongdoing and branded the case against him as a \"hoax\".\n\nWhat happened on Thursday?\nThe Senate proceedings began with the sergeant at arms calling \"hear ye, hear ye\". The articles of impeachment were then read out on the floor of the chamber by Democratic congressman and lead prosecutor Adam Schiff.\n\nMr Schiff is one of seven impeachment managers who will make the case against the president. He said no president had ever sought to impede an impeachment investigation so thoroughly.\n\nWho is Adam Schiff, the lead prosecutor of Trump?\nChuck Schumer, the Democratic leader in the senate, again call</YD_END_NEED_CHECK>",
			"isNeedTypo": "true",
			"IsWithCheckTags": "true"
		},
		"totalScore": 90.0,
		"essayLangName": "English",
		"majorScore": {
			"WordScore": 87.0,
			"GrammarScore": 96.0,
			"topicScore": 94.0,
			"StructureScore": 86.0
		},
		"paraNum": 11,
		"essayFeedback": {
			"sentsFeedback": [{
				"rawSent": "homesQ and neighborhoods were located outside of the central city;",
				"paraId": 0,
				"sentId": 0,
				"errorPosInfos": [{
					"reason": "疑似书写格式不规范，建议将〖h〗修正为【H】",
					"isValidLangChunk": true,
					"orgChunk": "h",
					"new_error_type": 1,
					"error_type": 7,
					"new_sub_error_type": 28,
					"type": "refactor",
					"analysis": "",
					"startPos": 0,
					"correctChunk": "H",
					"endPos": 1
				}],
				"sentFeedback": "疑似书写格式不规范，建议将〖h〗修正为【H】",
				"sentStartPos": 0,
				"correctedSent": "HomesQ and neighborhoods were located outside of the central city;",
				"rawSegSent": "homesq and neighborhoods were located outside of the central city ;",
				"isContainGrammarError": false,
				"isContainTypoError": false,
				"sentScore": 100.0,
				"isValidLangSent": true
			}, {
				"rawSent": "however, manys stores had several floors of apartments above them to accommodate families to live to",
				"paraId": 0,
				"sentId": 1,
				"errorPosInfos": [{
					"reason": "疑似大小写不规范，建议将〖however〗改为【However】",
					"isValidLangChunk": true,
					"orgChunk": "however",
					"new_error_type": 1,
					"error_type": 7,
					"new_sub_error_type": 28,
					"type": "refactor",
					"analysis": "",
					"startPos": 0,
					"correctChunk": "However",
					"endPos": 7
				}, {
					"reason": "疑似拼写错误，建议将〖manys〗修正为【many】",
					"isValidLangChunk": true,
					"orgChunk": "manys",
					"new_error_type": 2,
					"error_type": 0,
					"new_sub_error_type": 27,
					"type": "typo",
					"analysis": "",
					"startPos": 9,
					"correctChunk": "many",
					"endPos": 14
				}],
				"sentFeedback": "疑似拼写错误，建议将〖manys〗修正为【many】",
				"sentStartPos": 67,
				"correctedSent": "however, many stores had several floors of apartments above them to accommodate families to live to",
				"rawSegSent": "however , manys stores had several floors of apartments above them to accommodate families to live to",
				"isContainGrammarError": true,
				"isContainTypoError": true,
				"sentScore": 100.0,
				"isValidLangSent": true
			}, {
				"rawSent": "Pelosi's 32 pens, and other impeachment oddities",
				"paraId": 1,
				"sentId": 2,
				"errorPosInfos": [],
				"sentFeedback": "",
				"sentStartPos": 169,
				"correctedSent": "Pelosi's 32 pens, and other impeachment oddities",
				"rawSegSent": "pelosi 's 32 pens , and other impeachment oddities",
				"isContainGrammarError": false,
				"isContainTypoError": false,
				"sentScore": 100.0,
				"isValidLangSent": true
			}, {
				"rawSent": "White House 'broke law' by withholding Ukraine aid",
				"paraId": 2,
				"sentId": 3,
				"errorPosInfos": [],
				"sentFeedback": "",
				"sentStartPos": 218,
				"correctedSent": "White House 'broke law' by withholding Ukraine aid",
				"rawSegSent": "white house ' broke law ' by withholding ukraine aid",
				"isContainGrammarError": false,
				"isContainTypoError": false,
				"sentScore": 100.0,
				"isValidLangSent": true
			}, {
				"rawSent": "How will a Senate trial proceed?",
				"paraId": 3,
				"sentId": 4,
				"errorPosInfos": [],
				"sentFeedback": "",
				"sentStartPos": 269,
				"correctedSent": "How will a Senate trial proceed?",
				"rawSegSent": "how will a senate trial proceed ?",
				"isContainGrammarError": false,
				"isContainTypoError": false,
				"sentScore": 100.0,
				"isValidLangSent": true
			}, {
				"rawSent": "The lawmakers responded with \"I do\" before each signing in a book that they took the oath.",
				"paraId": 4,
				"sentId": 5,
				"errorPosInfos": [],
				"sentFeedback": "",
				"sentStartPos": 302,
				"correctedSent": "The lawmakers responded with \"I do\" before each signing in a book that they took the oath.",
				"rawSegSent": "the lawmakers responded with \" i do \" before each signing in a book that they took the oath .",
				"isContainGrammarError": false,
				"isContainTypoError": false,
				"sentScore": 100.0,
				"isValidLangSent": true
			}, {
				"rawSent": "Republican senate leader Mitch McConnell then adjourned the pre-trial proceedings and announced the trial would begin at 13:00 EST (18:00 GMT) on Tuesday.",
				"paraId": 4,
				"sentId": 6,
				"errorPosInfos": [],
				"sentFeedback": "",
				"sentStartPos": 393,
				"correctedSent": "Republican senate leader Mitch McConnell then adjourned the pre-trial proceedings and announced the trial would begin at 13:00 EST (18:00 GMT) on Tuesday.",
				"rawSegSent": "republican senate leader mitch mcconnell then adjourned the pre-trial proceedings and announced the trial would begin at 13:00 est ( 18:00 gmt ) on tuesday .",
				"isContainGrammarError": false,
				"isContainTypoError": false,
				"sentScore": 100.0,
				"isValidLangSent": true
			}, {
				"rawSent": "Mr Trump is accused of abuse of power and obstruction of Congress.",
				"paraId": 5,
				"sentId": 7,
				"errorPosInfos": [],
				"sentFeedback": "",
				"sentStartPos": 549,
				"correctedSent": "Mr Trump is accused of abuse of power and obstruction of Congress.",
				"rawSegSent": "mr trump is accused of abuse of power and obstruction of congress .",
				"isContainGrammarError": false,
				"isContainTypoError": false,
				"sentScore": 100.0,
				"isValidLangSent": true
			}, {
				"rawSent": "He has denied wrongdoing and branded the case against him as a \"hoax\".",
				"paraId": 5,
				"sentId": 8,
				"errorPosInfos": [],
				"sentFeedback": "",
				"sentStartPos": 616,
				"correctedSent": "He has denied wrongdoing and branded the case against him as a \"hoax\".",
				"rawSegSent": "he has denied wrongdoing and branded the case against him as a \" hoax \" .",
				"isContainGrammarError": false,
				"isContainTypoError": false,
				"sentScore": 100.0,
				"isValidLangSent": true
			}, {
				"rawSent": "What happened on Thursday?",
				"paraId": 6,
				"sentId": 9,
				"errorPosInfos": [],
				"sentFeedback": "",
				"sentStartPos": 688,
				"correctedSent": "What happened on Thursday?",
				"rawSegSent": "what happened on thursday ?",
				"isContainGrammarError": false,
				"isContainTypoError": false,
				"sentScore": 100.0,
				"isValidLangSent": true
			}, {
				"rawSent": "The Senate proceedings began with the sergeant at arms calling \"hear ye, hear ye\".",
				"paraId": 7,
				"sentId": 10,
				"errorPosInfos": [],
				"sentFeedback": "",
				"sentStartPos": 715,
				"correctedSent": "The Senate proceedings began with the sergeant at arms calling \"hear ye, hear ye\".",
				"rawSegSent": "the senate proceedings began with the sergeant at arms calling \" hear ye , hear ye \" .",
				"isContainGrammarError": false,
				"isContainTypoError": false,
				"sentScore": 100.0,
				"isValidLangSent": true
			}, {
				"rawSent": "The articles of impeachment were then read out on the floor of the chamber by Democratic congressman and lead prosecutor Adam Schiff.",
				"paraId": 7,
				"sentId": 11,
				"errorPosInfos": [],
				"sentFeedback": "",
				"sentStartPos": 798,
				"correctedSent": "The articles of impeachment were then read out on the floor of the chamber by Democratic congressman and lead prosecutor Adam Schiff.",
				"rawSegSent": "the articles of impeachment were then read out on the floor of the chamber by democratic congressman and lead prosecutor adam schiff .",
				"isContainGrammarError": false,
				"isContainTypoError": false,
				"sentScore": 100.0,
				"isValidLangSent": true
			}, {
				"rawSent": "Mr Schiff is one of seven impeachment managers who will make the case against the president.",
				"paraId": 8,
				"sentId": 12,
				"errorPosInfos": [],
				"sentFeedback": "",
				"sentStartPos": 933,
				"correctedSent": "Mr Schiff is one of seven impeachment managers who will make the case against the president.",
				"rawSegSent": "mr schiff is one of seven impeachment managers who will make the case against the president .",
				"isContainGrammarError": false,
				"isContainTypoError": false,
				"sentScore": 100.0,
				"isValidLangSent": true
			}, {
				"rawSent": "He said no president had ever sought to impede an impeachment investigation so thoroughly.",
				"paraId": 8,
				"sentId": 13,
				"errorPosInfos": [],
				"sentFeedback": "",
				"sentStartPos": 1026,
				"correctedSent": "He said no president had ever sought to impede an impeachment investigation so thoroughly.",
				"rawSegSent": "he said no president had ever sought to impede an impeachment investigation so thoroughly .",
				"isContainGrammarError": false,
				"isContainTypoError": false,
				"sentScore": 100.0,
				"isValidLangSent": true
			}, {
				"rawSent": "Who is Adam Schiff, the lead prosecutor of Trump?",
				"paraId": 9,
				"sentId": 14,
				"errorPosInfos": [],
				"sentFeedback": "",
				"sentStartPos": 1118,
				"correctedSent": "Who is Adam Schiff, the lead prosecutor of Trump?",
				"rawSegSent": "who is adam schiff , the lead prosecutor of trump ?",
				"isContainGrammarError": false,
				"isContainTypoError": false,
				"sentScore": 100.0,
				"isValidLangSent": true
			}, {
				"rawSent": "Chuck Schumer, the Democratic leader in the senate, again call",
				"paraId": 10,
				"sentId": 15,
				"errorPosInfos": [{
					"reason": "疑似动词时态错误，建议将〖call〗修正为【called】",
					"isValidLangChunk": true,
					"orgChunk": "call",
					"new_error_type": 5,
					"error_type": 2,
					"new_sub_error_type": 7,
					"type": "grammar",
					"analysis": "",
					"startPos": 58,
					"correctChunk": "called",
					"endPos": 62
				}],
				"sentFeedback": "疑似动词时态错误，建议将〖call〗修正为【called】",
				"sentStartPos": 1168,
				"correctedSent": "Chuck Schumer, the Democratic leader in the senate, again called",
				"rawSegSent": "chuck schumer , the democratic leader in the senate , again call",
				"isContainGrammarError": true,
				"isContainTypoError": false,
				"sentScore": 100.0,
				"isValidLangSent": true
			}]
		},
		"wordNum": 230,
		"fullScore": 100.0,
		"reqSource": "dict_pigai_web",
		"stLevel": "DEFAULT",
		"conjWordNum": 3
	}
}